"Cluster","Administrative","Administrative_Duration","Informational","Informational_Duration","ProductRelated","ProductRelated_Duration","BounceRates","ExitRates","PageValues","SpecialDay","isReturningVisitor","OperatingSystems.2","OperatingSystems.3","OperatingSystems.Other","Browser.2","Browser.4","Browser.Other","Region.2","Region.3","Region.4","Region.6","Region.7","Region.Other","TrafficType.13","TrafficType.2","TrafficType.3","TrafficType.4","TrafficType.Other","Weekend.TRUE","Quarter.Q2","Quarter.Q3","Quarter.Q4","Revenue_Rate"
1,1.8276912054451,61.5805603571535,0.0333154218162278,0.216747268493641,23.6145441518897,847.330093823848,0.0102028327397457,0.0342916237358051,5.09997426906412,0.102597169980297,0.863872469998209,0.565287479849543,0.194160845423607,0.0445996775926921,0.635679742074154,0.0705713773956654,0.101737417159233,0.101200071646068,0.192190578542002,0.0947519254880888,0.0741536808167652,0.0634067705534659,0.0970804227118037,0.0594662367902561,0.251656815332259,0.196131112305212,0.137381336199176,0.143829482357156,0.221923696937131,0.471431130216729,0.174279061436504,0.0739745656457102,0.119469819093677
2,5.01427498121713,183.396519308165,2.39969947407964,170.726702203402,53.5259203606311,2091.37251146645,0.00776931719083396,0.0220498704785875,8.23929739845079,0.064763335837716,0.875188866154908,0.567993989481593,0.206611570247934,0.0413223140495868,0.674680691209617,0.0646130728775357,0.0781367392937641,0.0946656649135988,0.200601051840721,0.105935386927122,0.0758827948910594,0.0638617580766341,0.0999248685199098,0.053343350864012,0.329075882794891,0.129977460555973,0.158527422990233,0.161532682193839,0.269722013523666,0.473328324567994,0.203606311044328,0.0924117205108941,0.197595792637115
3,0.040520984081042,0.247901591895803,0.00868306801736614,0.0492040520984081,2.59768451519537,37.2984804635745,0.164661220963821,0.180070908939219,0,0.142402315484805,0.979739507959479,0.409551374819103,0.309696092619392,0.020260492040521,0.609261939218524,0.0549927641099855,0.0940665701881331,0.0984081041968162,0.209840810419682,0.0955137481910275,0.0622286541244573,0.0564399421128799,0.0694645441389291,0.128798842257598,0.065123010130246,0.311143270622287,0.085383502170767,0.12301013024602,0.163531114327062,0.564399421128799,0.0998552821997106,0.0188133140376266,0.00289435600578871
